{"cameraMode":{"drawMode":0,"name":"Shaded","section":"Shading Mode"},"sceneLighting":false,"audioPlay":false,"sceneViewState":{"showFog":true,"showMaterialUpdate":false,"showSkybox":false,"showFlares":true,"showImageEffects":true,"showParticleSystems":true},"in2DMode":false,"pivot":{"x":147.5390625,"y":-37.59619140625,"z":-1570.9998779296875},"rotation":{"x":0.009141406044363976,"y":-0.9908909201622009,"z":0.09272757172584534,"w":0.09752547740936279},"size":2333.452392578125,"orthographic":false}