{"cameraMode":{"drawMode":0,"name":"Shaded","section":"Shading Mode"},"sceneLighting":false,"audioPlay":false,"sceneViewState":{"showFog":true,"showMaterialUpdate":false,"showSkybox":false,"showFlares":true,"showImageEffects":true,"showParticleSystems":true},"in2DMode":false,"pivot":{"x":-1.3658076524734498,"y":-13.703537940979004,"z":11.550220489501954},"rotation":{"x":-0.33832523226737978,"y":0.12427353858947754,"z":-0.045132994651794437,"w":-0.9317370057106018},"size":33.752315521240237,"orthographic":false}