{"cameraMode":{"drawMode":0,"name":"Shaded","section":"Shading Mode"},"sceneLighting":false,"audioPlay":false,"sceneViewState":{"showFog":true,"showMaterialUpdate":false,"showSkybox":false,"showFlares":true,"showImageEffects":true,"showParticleSystems":true},"in2DMode":false,"pivot":{"x":3.9565839767456056,"y":13.937582015991211,"z":-8.789630889892579},"rotation":{"x":0.028395935893058778,"y":0.9643308520317078,"z":-0.22912268340587617,"w":0.1342742145061493},"size":24.629972457885743,"orthographic":false}