{"cameraMode":{"drawMode":0,"name":"Shaded","section":"Shading Mode"},"sceneLighting":true,"audioPlay":false,"sceneViewState":{"showFog":true,"showMaterialUpdate":false,"showSkybox":true,"showFlares":true,"showImageEffects":true,"showParticleSystems":true},"in2DMode":false,"pivot":{"x":27.3200740814209,"y":13.858724594116211,"z":100.05432891845703},"rotation":{"x":0.016631659120321275,"y":-0.042668163776397708,"z":-0.0021549619268625976,"w":-1.0000052452087403},"size":14.07288932800293,"orthographic":false}