{"cameraMode":{"drawMode":0,"name":"Shaded","section":"Shading Mode"},"sceneLighting":true,"audioPlay":false,"sceneViewState":{"showFog":true,"showMaterialUpdate":false,"showSkybox":true,"showFlares":true,"showImageEffects":true,"showParticleSystems":true},"in2DMode":false,"pivot":{"x":1030.2779541015625,"y":626.813720703125,"z":400.2943115234375},"rotation":{"x":-0.045837029814720157,"y":-0.05726545304059982,"z":-0.004401432815939188,"w":0.9980347156524658},"size":1915.9132080078125,"orthographic":false}