{"cameraMode":{"drawMode":0,"name":"Shaded","section":"Shading Mode"},"sceneLighting":true,"audioPlay":false,"sceneViewState":{"showFog":true,"showMaterialUpdate":true,"showSkybox":true,"showFlares":true,"showImageEffects":true,"showParticleSystems":true},"in2DMode":false,"pivot":{"x":524.0390014648438,"y":319.7026062011719,"z":-605.8102416992188},"rotation":{"x":0.07769784331321717,"y":-0.049211688339710239,"z":0.005294578615576029,"w":-0.9974977374076843},"size":36.37306594848633,"orthographic":false}