{"cameraMode":{"drawMode":0,"name":"Shaded","section":"Shading Mode"},"sceneLighting":false,"audioPlay":false,"sceneViewState":{"showFog":true,"showMaterialUpdate":false,"showSkybox":false,"showFlares":true,"showImageEffects":true,"showParticleSystems":true},"in2DMode":false,"pivot":{"x":0.17165149748325349,"y":0.8027656078338623,"z":2.4697518348693849},"rotation":{"x":0.02610696852207184,"y":0.955816924571991,"z":-0.2775234878063202,"w":0.09966401755809784},"size":11.08403491973877,"orthographic":false}