{"cameraMode":{"drawMode":0,"name":"Shaded","section":"Shading Mode"},"sceneLighting":false,"audioPlay":false,"sceneViewState":{"showFog":true,"showMaterialUpdate":false,"showSkybox":false,"showFlares":true,"showImageEffects":true,"showParticleSystems":true},"in2DMode":false,"pivot":{"x":-17.90877914428711,"y":93.99992370605469,"z":-7.302839279174805},"rotation":{"x":-0.007260711397975683,"y":0.588839054107666,"z":0.002261136891320348,"w":0.8089622855186462},"size":9.587319374084473,"orthographic":false}