{"cameraMode":{"drawMode":0,"name":"Shaded","section":"Shading Mode"},"sceneLighting":false,"audioPlay":false,"sceneViewState":{"showFog":true,"showMaterialUpdate":false,"showSkybox":false,"showFlares":true,"showImageEffects":true,"showParticleSystems":true},"in2DMode":false,"pivot":{"x":0.04545021057128906,"y":0.38364699482917788,"z":-0.08450865745544434},"rotation":{"x":0.029174109920859338,"y":0.9236378073692322,"z":-0.07801400125026703,"w":0.37572041153907778},"size":2.8578836917877199,"orthographic":false}