{"cameraMode":{"drawMode":0,"name":"Shaded","section":"Shading Mode"},"sceneLighting":false,"audioPlay":false,"sceneViewState":{"showFog":true,"showMaterialUpdate":false,"showSkybox":false,"showFlares":true,"showImageEffects":true,"showParticleSystems":true},"in2DMode":false,"pivot":{"x":31.354520797729493,"y":-7.955818176269531,"z":-11.082708358764649},"rotation":{"x":0.07747764885425568,"y":0.871488630771637,"z":-0.15086616575717927,"w":0.46148282289505007},"size":191.05162048339845,"orthographic":false}