{"cameraMode":{"drawMode":0,"name":"Shaded","section":"Shading Mode"},"sceneLighting":false,"audioPlay":false,"sceneViewState":{"showFog":true,"showMaterialUpdate":false,"showSkybox":false,"showFlares":true,"showImageEffects":true,"showParticleSystems":true},"in2DMode":false,"pivot":{"x":-10.903999328613282,"y":22.850231170654298,"z":27.45661163330078},"rotation":{"x":0.0708487257361412,"y":0.7149309515953064,"z":-0.07010552287101746,"w":0.6936044692993164},"size":22.0,"orthographic":false}