{"cameraMode":{"drawMode":0,"name":"Shaded","section":"Shading Mode"},"sceneLighting":false,"audioPlay":false,"sceneViewState":{"showFog":true,"showMaterialUpdate":false,"showSkybox":false,"showFlares":true,"showImageEffects":true,"showParticleSystems":true},"in2DMode":false,"pivot":{"x":-412.943603515625,"y":292.8906555175781,"z":-1492.2974853515625},"rotation":{"x":0.009203500114381314,"y":-0.9854588508605957,"z":0.05653579160571098,"w":0.160151869058609},"size":2333.452392578125,"orthographic":false}