{"cameraMode":{"drawMode":0,"name":"Shaded","section":"Shading Mode"},"sceneLighting":false,"audioPlay":false,"sceneViewState":{"showFog":true,"showMaterialUpdate":false,"showSkybox":false,"showFlares":true,"showImageEffects":true,"showParticleSystems":true},"in2DMode":false,"pivot":{"x":-1.4367947578430176,"y":1.8280524015426636,"z":-0.9839229583740234},"rotation":{"x":-0.09294349700212479,"y":0.5443206429481506,"z":-0.06083684787154198,"w":-0.8315379619598389},"size":5.217620372772217,"orthographic":false}