{"cameraMode":{"drawMode":0,"name":"Shaded","section":"Shading Mode"},"sceneLighting":true,"audioPlay":false,"sceneViewState":{"showFog":true,"showMaterialUpdate":false,"showSkybox":true,"showFlares":true,"showImageEffects":true,"showParticleSystems":true},"in2DMode":false,"pivot":{"x":22.52832794189453,"y":7.358601093292236,"z":37.90403747558594},"rotation":{"x":-0.10896982252597809,"y":0.02655264548957348,"z":-0.0013437462039291859,"w":-0.9944298267364502},"size":22.0,"orthographic":false}