{"cameraMode":{"drawMode":0,"name":"Shaded","section":"Shading Mode"},"sceneLighting":false,"audioPlay":false,"sceneViewState":{"showFog":true,"showMaterialUpdate":false,"showSkybox":false,"showFlares":true,"showImageEffects":true,"showParticleSystems":true},"in2DMode":false,"pivot":{"x":-4.352524757385254,"y":35.50785827636719,"z":48.556541442871097},"rotation":{"x":0.002291531302034855,"y":0.9953776001930237,"z":-0.058818742632865909,"w":0.08357465267181397},"size":11.08403491973877,"orthographic":false}