{"cameraMode":{"drawMode":0,"name":"Shaded","section":"Shading Mode"},"sceneLighting":false,"audioPlay":false,"sceneViewState":{"showFog":true,"showMaterialUpdate":false,"showSkybox":false,"showFlares":true,"showImageEffects":true,"showParticleSystems":true},"in2DMode":false,"pivot":{"x":10.62021255493164,"y":-3.6160404682159426,"z":-7.301629066467285},"rotation":{"x":0.01825319044291973,"y":0.9651766419410706,"z":-0.07973365485668183,"w":0.2509080171585083},"size":24.137102127075197,"orthographic":false}