{"cameraMode":{"drawMode":0,"name":"Shaded","section":"Shading Mode"},"sceneLighting":true,"audioPlay":false,"sceneViewState":{"showFog":true,"showMaterialUpdate":false,"showSkybox":false,"showFlares":true,"showImageEffects":true,"showParticleSystems":true},"in2DMode":false,"pivot":{"x":-1.3398628234863282,"y":-0.9725885391235352,"z":1.259742259979248},"rotation":{"x":-0.058795392513275149,"y":-0.7738345265388489,"z":0.08066867291927338,"w":-0.6280871629714966},"size":10.0,"orthographic":false}