{"cameraMode":{"drawMode":0,"name":"Shaded","section":"Shading Mode"},"sceneLighting":true,"audioPlay":false,"sceneViewState":{"showFog":true,"showMaterialUpdate":false,"showSkybox":true,"showFlares":true,"showImageEffects":true,"showParticleSystems":true},"in2DMode":false,"pivot":{"x":123.18977355957031,"y":17.4119873046875,"z":210.5556182861328},"rotation":{"x":0.16786804795265199,"y":0.4509546160697937,"z":-0.08725868165493012,"w":0.8724405765533447},"size":22.0,"orthographic":false}