{"cameraMode":{"drawMode":0,"name":"Shaded","section":"Shading Mode"},"sceneLighting":false,"audioPlay":false,"sceneViewState":{"showFog":true,"showMaterialUpdate":false,"showSkybox":false,"showFlares":true,"showImageEffects":true,"showParticleSystems":true},"in2DMode":false,"pivot":{"x":6.110969543457031,"y":8.997819900512696,"z":-1.1016454696655274},"rotation":{"x":0.013818511739373207,"y":0.5685495138168335,"z":-0.009570940397679806,"w":0.8225286602973938},"size":22.0,"orthographic":false}