{"cameraMode":{"drawMode":0,"name":"Shaded","section":"Shading Mode"},"sceneLighting":true,"audioPlay":false,"sceneViewState":{"showFog":true,"showMaterialUpdate":false,"showSkybox":true,"showFlares":true,"showImageEffects":true,"showParticleSystems":true},"in2DMode":false,"pivot":{"x":-21.704898834228517,"y":-17.505287170410158,"z":9.710504531860352},"rotation":{"x":0.22612278163433076,"y":-0.6377164721488953,"z":0.2037906050682068,"w":0.707589864730835},"size":51.19062805175781,"orthographic":false}