{"cameraMode":{"drawMode":0,"name":"Shaded","section":"Shading Mode"},"sceneLighting":true,"audioPlay":false,"sceneViewState":{"showFog":true,"showMaterialUpdate":false,"showSkybox":true,"showFlares":true,"showImageEffects":true,"showParticleSystems":true},"in2DMode":false,"pivot":{"x":-3.8842318058013918,"y":17.565181732177736,"z":-10.886828422546387},"rotation":{"x":-0.13664960861206056,"y":-0.10332798957824707,"z":0.014299292117357254,"w":-0.9852800965309143},"size":13.47439193725586,"orthographic":false}