{"cameraMode":{"drawMode":0,"name":"Shaded","section":"Shading Mode"},"sceneLighting":true,"audioPlay":false,"sceneViewState":{"showFog":true,"showMaterialUpdate":false,"showSkybox":true,"showFlares":true,"showImageEffects":true,"showParticleSystems":true},"in2DMode":false,"pivot":{"x":759.4459838867188,"y":175.8987274169922,"z":-63.396915435791019},"rotation":{"x":-0.028188416734337808,"y":0.7750391960144043,"z":0.03466003015637398,"w":0.6303441524505615},"size":1830.264892578125,"orthographic":false}