{"cameraMode":{"drawMode":0,"name":"Shaded","section":"Shading Mode"},"sceneLighting":false,"audioPlay":false,"sceneViewState":{"showFog":true,"showMaterialUpdate":false,"showSkybox":false,"showFlares":true,"showImageEffects":true,"showParticleSystems":true},"in2DMode":false,"pivot":{"x":633.9683227539063,"y":77.73338317871094,"z":-97.84456634521485},"rotation":{"x":0.2514300048351288,"y":-0.41256070137023928,"z":0.09828095138072968,"w":0.8715628385543823},"size":27.41600227355957,"orthographic":false}