{"cameraMode":{"drawMode":0,"name":"Shaded","section":"Shading Mode"},"sceneLighting":true,"audioPlay":false,"sceneViewState":{"showFog":true,"showMaterialUpdate":false,"showSkybox":true,"showFlares":true,"showImageEffects":true,"showParticleSystems":true},"in2DMode":false,"pivot":{"x":53.08274841308594,"y":-219.3159637451172,"z":-85.16409301757813},"rotation":{"x":0.007417886983603239,"y":-0.8836959600448608,"z":0.47004997730255129,"w":-0.008490891195833683},"size":475.519775390625,"orthographic":false}