{"cameraMode":{"drawMode":0,"name":"Shaded","section":"Shading Mode"},"sceneLighting":true,"audioPlay":false,"sceneViewState":{"showFog":true,"showMaterialUpdate":false,"showSkybox":true,"showFlares":true,"showImageEffects":true,"showParticleSystems":true},"in2DMode":false,"pivot":{"x":549.4564208984375,"y":-446.0428771972656,"z":494.1200256347656},"rotation":{"x":-0.3096752464771271,"y":-0.6549878120422363,"z":0.3638893961906433,"w":-0.5871794819831848},"size":588.9915161132813,"orthographic":false}