{"cameraMode":{"drawMode":0,"name":"Shaded","section":"Shading Mode"},"sceneLighting":true,"audioPlay":false,"sceneViewState":{"showFog":true,"showMaterialUpdate":false,"showSkybox":true,"showFlares":true,"showImageEffects":true,"showParticleSystems":true},"in2DMode":false,"pivot":{"x":185.54620361328126,"y":-35.655757904052737,"z":56.95600891113281},"rotation":{"x":0.22066305577754975,"y":0.02406032383441925,"z":-0.026444755494594575,"w":0.976092517375946},"size":181.87460327148438,"orthographic":false}