{"cameraMode":{"drawMode":0,"name":"Shaded","section":"Shading Mode"},"sceneLighting":true,"audioPlay":false,"sceneViewState":{"showFog":true,"showMaterialUpdate":false,"showSkybox":true,"showFlares":true,"showImageEffects":true,"showParticleSystems":true},"in2DMode":false,"pivot":{"x":159.07717895507813,"y":95.67253112792969,"z":171.8141326904297},"rotation":{"x":-0.29597994685173037,"y":-0.5763368606567383,"z":0.23888032138347627,"w":-0.7245486378669739},"size":102.29611206054688,"orthographic":false}